,Ransomware_Group,Company_Name,Company_Description,Date_of_leak,Number_of_Views,Company_URL,Industry_Type,Company_Address,Company_Country,Personal Identifiable Information (PII),Financial Data,Healthcare Information,Employee and HR Data,Intellectual Property and Trade Secrets,Customer and Client Data ,Legal Documents,Government and Defense Information,Educational Data,Credentials and Access Information,Databases,Website Data,Backup Data,Video and Surveillance Footage,Social Media Data,Utility and Infrastructure Data,Sensitive Communication
0,Medusa,Somagic,"The Somagic is a French company in the production of solid-fuel barbecues and barbecues, the company was founded in 1981. The main office of the company is located at 1 A Rd 975 Cs 20010, La Gente, Bourgogne-Franche-Comte, 71290, France. The credit of this company itself and top management was the worst among the we made deals this year.",2023-10-03,456,https://www.somagic.fr,Consumer Goods,"La GenÃ¨te, SaÃ´ne-et-Loire",France,1,1,0,0,1,0,1,0,0,0,1,0,0,0,0,0,0
1,Medusa,Windak,"Windak is a cable packaging equipment manufacturing company founded in Sweden in 1994. The company's main office is located at 1661 4th St SW, Conover, North Carolina, 28613, United States",2023-10-02,751,http://www.windakgroup.com,Industrial Automation,"Peetri, Harjumaa",Eesti,1,1,0,1,1,0,1,0,0,0,0,,,,,,
2,Medusa,Karam Chand Thapar & Bros Coal Sales,"Karam Chand Thapar & Bros Coal Sales - it is the flagship company of the KCT Group of companies. It was founded by the late Karam Chand Axe in 1943. Today, the company provides coal services and logistics.The company's office is located 25 Brabourne Rd, Kolkata, West Bengal, 700084, India",2023-10-02,725,http://www.kctgroup.com,"Transportation, Logistics, Supply Chain and Storage","Kolkata, West Bengal",India,1,1,0,1,0,0,1,0,0,0,1,,,,,,
3,Medusa,Acoustic Center,"Acoustic Center is an Italian regional company for the distribution of hearing systems, the distribution and use of hearing aids and related services since 1958.",2023-09-25,2058,http://www.acoustic-center.com,Retail,PARIS,France,0,0,0,0,0,0,0,0,0,0,0,,,,,,
4,Medusa,Philippine Health Insurance,"The Philippine Health Insurance Corporation (PhilHealth) was established in 1995 to provide universal health insurance in the Philippines. It is a tax-exempt, state-owned and controlled corporation (GOGC) of the Philippines, subordinate to the Ministry of Health. Company came to the tor chat but didn't answer for the payment yet.",2023-09-23,10987,http://www.philhealth.gov.ph,Hospitals and Health Care,"Citystate Centre, 709 Shaw Boulevard, Oranbo, Pasig",Philippines,1,1,1,1,0,1,0,0,0,1,1,,,,,,1
5,Medusa,"Franktronics, Inc","Franktronics, Inc. is an information technology and services company based out of 3618 George Washington Memorial Hwy, Hayes, Virginia, 23072, United States.",2023-09-23,3052,http://franktronics.net,Information Technology & Services,"HAYES, Virginia",United States,0,1,0,1,0,1,0,0,0,1,1,,,,,1,
6,Medusa,Gulf American Lines,"Headquartered in Berkeley Heights, New Jersey, Gulf American Line is a leader in freight forwarding, warehousing and logistics provider. The company occupies a leading position in terms of the volume of transported goods in the United States",2023-09-20,3590,https://www.gulfamerican.com/,Transportation/Trucking/Railroad,"Berkeley Heights, New Jersey",United States,1,1,0,1,0,1,1,0,0,0,1,,,,,,1
7,Medusa,Chait,"Chait & Company is a Los Angelesâ€”based firm offering a wide range of architectural design, general contracting and construction management services, recognized in 1994. The company's main office is located at 14931 a Celica St Ste A, Van Nuys, California, 91411, United States",2023-09-20,3452,https://www.chaitco.com/,Architecture and Planning,"LOS ANGELES, CA  91605",United States,1,1,0,1,1,1,1,0,0,0,0,,,,,,
8,Medusa,Auckland Transport,"Founded in 2010, Auckland Transport is a company that is responsible for the region's transport infrastructure and public transport including roads and footpaths, cycling, parking, and public transportation. Auckland Transport is located in New Zealand",2023-09-18,4758,http://www.at.govt.nz,Government Administration,"Auckland, Auckland",New Zealand / Aotearoa,0,0,0,0,0,0,0,0,0,0,0,,,,,,
9,Medusa,Steripharma,"Steripharma is a Moroccan pharmaceutical laboratory founded in 1999. Cooperates with both public and private clients in Morocco and Africa. The company's head office is located at 429 So. West St, Syracuse, New York 13202, US",2023-09-11,5773,http://www.steripharma.com,Pharmaceutical Manufacturing,Casablanca,Morocco,0,1,0,1,0,0,1,0,0,0,1,,,,,,
10,Medusa,Wave Hill,"Wave Hill is a community garden and cultural center located in New York City. The company's head office is located at 675 W 252nd St, Bronx, New York, 10471, United States",2023-09-11,5255,http://www.wavehill.org/,"Museums, Historical Sites, and Zoos","Bronx, New York",United States,1,1,0,1,1,0,1,0,0,0,1,,,,,,
11,Medusa,Jules B,"Jules B is a chain of designer clothing stores for men and women in England founded for over 30 years. The company's head office is located at Yellow Brick House, Newcastle upon Tyne, Tyne and Wear NE1 2TY, GB",2023-09-04,6778,http://www.julesb.co.uk,Retail Apparel and Fashion,"Newcastle Upon Tyne, Tyne & Wear",United Kingdom,1,1,0,1,0,1,1,0,0,0,1,,,,,,1
12,Medusa,Betton France,"Administration of the city of Betton (France). The concrete is located in the center of the Rhine agglomeration, 7 km north of Rennes, near the Rennes-Saint-Malo axis and on the Mont Saint-Michel tourist route. Currently, the population of the city is about 11,000 people.",2023-09-04,6190,https://www.betton.fr/accueil,Government Administration,"PLACE CHARLES DE GAULLE, Betton, Bretagne 35831, FR",France,1,1,0,0,0,0,1,0,0,0,1,,,1,,,
13,Medusa,Skynet,"Skynet (https://www.skynetwisp.com/) provides Internet access services, both for the private segment of the market and for public institutions. The company's main office is located at 6630 Fm 1463 Rd 255 Step 500, Katy, Texas, 77494, United States",2023-08-30,6930,https://www.skynetwisp.com/,Internet Marketplace Platforms,"6630 Fm 1463 Rd 255 Step 500, Katy, Texas, 77494",United States,1,0,0,1,1,1,0,0,0,0,0,,,,,,
14,Medusa,Aranui Cruises,"Aranui Cruises is the oldest cruise operator in French Polynesia, having been founded 35 years ago. The company has a ship made to order ship ""Aranui 5"" designed for VIP level cruise holidays. The American office of the company is located at 2028 El Camino Real So Te B, San Mateo, California, 94403, United States",2023-08-30,6156,http://www.aranui.com,Travel Arrangements,"PAPEETE, TAHITI",France,1,0,0,1,1,0,1,0,0,0,1,,,,,,
15,Medusa,Axis Elevators,"Axis Elevators - is one of the largest elevator companies in the UK and Ireland, engaged in the installation, maintenance and modernization of elevators and escalators, as well as other types of lifts. The company was founded more than 100 years ago. The main office of the company is located at 1, 65 Glass Hill Street, London, Greater London, SE10, United Kingdom",2023-08-25,7173,http://www.axiselevators.co.uk,Industrial Machinery Manufacturing,"Unit G1. Blackfriars Foundry Annexe. 65 Glasshill Street. London,  SE1 0QR. United Kingdom, GB",United Kingdom,1,1,0,1,1,0,0,0,0,0,0,,,,,,1
16,Medusa,Durham Fasteners,"Durham Fasteners is a family-owned company whose roots in the business were laid in 1981. The company specializes in solutions for fasteners, packaging, as well as worldwide deliveries. The company's office is located at 757 Mckay Rd, Block 9, Pickering, Ontario, 1 3C8, Canada",2023-08-25,6561,http://www.durham-fasteners.com,Wholesale Import and Export,"Pickering, ON",Canada,0,1,0,0,0,0,0,0,0,0,0,,,,,,1
17,Medusa,LEN Italia,"LEN Italiaâ€“ Learning Education Network is a cooperative company that engages in professional training by planning and providing training and consulting activities. Founded in 2005, LEN has a team of more than 70 professionals available to educational institutions, companies, public administrations, non-profit organizations and individuals for any type of training and consultation.",2023-08-25,6673,https://www.gruppolen.it/,Professional Training and Coaching,Via Golfo dei Poeti 1/A - 43126 Parma,Italy,1,1,0,0,0,1,1,0,0,0,0,,,,,,
18,Medusa,Sartrouville France,"Sartrouville is a commune in the Yvelines department, ÃŽle-de-France, north central France. it is located in the north-western suburbs of Paris, 17.1 km from the center of Paris. It employs 501-1,000 people and has $100M-$250M of revenue. Is headquartered in Sartrouville, Ile-de-France, 78500, France.",2023-08-19,7826,http://www.sartrouville.fr,Government Administration,Sartrouville,France,1,1,0,1,0,1,1,0,0,0,1,,,,,,
19,Medusa,The International Civil Defense Organization,"The International Civil Defense Organization (ICDO) is an intergovernmental organization whose goal is to promote the development by States of structures that protect and assist the population, as well as the protection of property and the environment from natural disasters or man-made disasters. It was founded in 1931.It consists of 60 Member States, 16 observer States and 23 associate members.",2023-08-19,6609,http://www.icdo.org,Government Relations Services,Geneva,Schweiz/Suisse/Svizzera/Svizra,1,1,0,1,0,0,1,0,1,0,1,,,,,,1
20,Medusa,Novi Pazar put ad,"Novi Pazar put ad is a company that operates in the Civil Engineering industry. It employs 251-500 people and has $10M-$25M of revenue. The company is headquartered in Novi Pazar, 36300, Serbia",2023-08-19,6395,https://www.np-put.rs/,Civil Engineering,"36300 Novi Pazar, Serbia",Serbia,0,1,0,0,1,0,1,0,1,0,1,,,,,,
21,Medusa,Postel SpA,"Postel SpA offers computer software for sale. The Company provides software products and management services including document management, direct marketing, and e-procurement software and related services. Postel operates throughout Italy, the company's head office is located at Viale Europa 175, 00144 - Roma, Italia",2023-08-15,9209,http://www.postel.it,IT Services and IT Consulting,Roma,Italia,1,1,0,0,0,1,0,0,0,0,1,,,,,,1
22,Medusa,Borets (Levare.com),"Borets (Levare.com) is Headquartered in Houston, Texas, with an international headquarters in Dubai, Borets is a global provider specializing in the engineering, manufacture, sales and service of Electric Submersible Pump systems. Uploaded Data Size: 1TB",2023-08-14,7002,https://levare.com/,Oil and Gas,"Level 8, Burj Daman Dubai International Financial Centre",United Arab Emirates,1,1,0,1,1,1,1,0,0,0,0,,,,,,1
23,Medusa,CB Energy Australlia,"CB Group Australia provide a broad range of services across the construction industry in project management, civil, electrical and maintenance disciplines. The company was founded in 1946. The company's central office is located at 15 Production Ave, Molendinar, Queensland, 4214, Australia",2023-08-14,6159,http://www.cb.com.au,"Electric Power Transmission, Control, and Distribution","Beenleigh, Queensland",Australia,1,1,0,1,0,0,1,0,1,0,0,,,,,,
24,Medusa,Emerson School District,"The Emerson School District is a comprehensive community public school district that serves students in pre-kindergarten through twelfth grade from Emerson, in Bergen County, New Jersey, United States. There are currently about 1,200 students enrolled in the school district.",2023-08-08,7375,http://www.emerson-school.org,Primary and Secondary Education,"Emerson, Bergen County, New Jersey, 07630",United States,1,1,0,1,0,1,1,1,1,0,0,1,,,,,1
25,Medusa,St Landry Parish School Board,"St Landry Parish School Board is a school district based in Opelusas, Louisiana. The area includes primary, secondary and secondary schools. At the moment, more than 14,000 students are studying in them.",2023-07-31,8715,http://www.slp.k12.la.us/,Education Administration Programs,"Opelusas, Louisiana",United States,1,1,0,1,0,1,0,0,1,1,1,1,,,,,1
26,Medusa,Ace Micromatic Group,"Ace Micromatic Group is India's largest machine tool conglomerate with a market presence in several countries across Asia, Australia, Middle East, North & South America and Europe.",2023-07-31,8256,https://www.acemicromatic.net,Machinery Manufacturing,"Bangalore, Karnataka",India,0,1,0,0,1,1,0,0,0,0,1,,,,,1,1
27,Medusa,The Sinbad Club,"The Sinbad Club company, founded in 1992, offers a wide range of services for recreation on the Red Sea coast in Egypt. The main office of the company is located at 10 Elmenya Street, Cairo, Cairo, HELIOPOLIS, Egypt.",2023-07-25,9631,http://www.sindbad-club.com,Hospitality,"10 Elmenya Street, Cairo, Cairo, HELIOPOLIS",Egypt,1,1,0,1,0,1,0,0,0,0,1,,,,,,1
28,Medusa,Cafe Britt,"Cafe Britt is a company engaged in processing beans and making coffee in Costa Rica with subsequent export to global markets. The company's product line also includes other products, such as coffee, chocolate and cookies, etc. The head office is located at 2960 NW 72nd Ave, Miami, Florida, 33122, United States",2023-07-23,8947,https://corp.cafebritt.com/cafebritt,Manufacturing,"2960 NW 72nd Ave, Miami, Florida, 33122",United States,1,1,0,1,0,1,1,0,0,0,1,,,,,1,1
29,Medusa,Sun Pain Management,"Sun Pain Management and Spine Specialists treats clinic, whose head office is located at 5501 N 19th Ave Ste 103, Phoenix, Arizona, 85015, United States offers a wide range of procedures for patients suffering from chronic pain. In total, there are five centers of this clinic in the United States.",2023-07-23,8706,https://sunpainmanagement.com/,Medical Practices,"Phoenix, Arizona",United States,1,0,1,1,0,1,1,0,0,0,0,,,,,,
30,Medusa,DTD Express,"DTD Express provides international parcel delivery services. The company specializes in meeting the import and export needs of Asia (India, Pakistan), the Far East (China, Hong Kong), the USA and Europe. The company's head office is located at 30b Melton Rd, Leicester, Leicester, L4 5 EA, United Kingdom",2023-07-18,9777,http://www.dtdexpress.co.uk,Consumer Services,"Leicesteer, Leicestershire",United Kingdom,1,1,0,0,0,1,1,0,0,0,1,,,1,,,1
31,Medusa,Nini Collection Ltd (Nini's Jewels),"Nini Collection Ltd is a company that operates in the Luxury Goods & Jewelry industry. It employs 6-10 people and has $1M-$5M of revenue. The company is headquartered in Westheimer Rd Ste 330, Houston, Texas, 77056, United States",2023-07-18,8990,http://ninicollection.com,Retail Luxury Goods and Jewelry,"Westheimer Rd Ste 330, Houston, Texas, 77056",United States,1,1,0,1,0,1,1,0,0,0,1,,,1,,,
32,Medusa,Tracker de Colombia SAS,"The organization, which was founded in 1994 and working in 9 countries of Latin America, which develops, designs, develops, produces and sells products, specialized software, services and comprehensive solutions in the field of security, monitoring, determination of location, identification, remote management and relational marketing.",2023-07-07,10635,https://www.detektor.com.co,Information Technology & Services,CARRERA 7 156 78 TORRE 2 OFICINAS 1202 Y 1203 BOGOTA,Colombia,1,1,0,0,0,1,1,0,0,0,1,,,,,,
33,Medusa,Yunus Emre Institute Turkey,The Yunus Emre Institute (Yunus Emre EnstitÃ¼sÃ¼) is a worldwide non-profit organization established by the Turkish government in 2007. It is aimed at popularizing the Turkish language and culture around the world. It has 62 centers in 52 countries of the world.,2023-07-04,10665,http://yee.org.tr,Non-profit Organizations,Ankara,Turkey,1,1,0,1,0,1,1,0,1,0,0,,,,,,
34,Medusa,Luna Hotels & Resorts,"Luna Hotels & Resorts is one of Portugal's most famous hotel brands. The company invests, creates, controls and offers a number of services for the whole family, sports sector and corporate segment. The main office is located at Lote H1 Avenida Da Marina, Vilamoura, Faro, 8125-401, Portugal",2023-07-03,9772,http://www.lunahoteis.com,Hospitality,"Lote H1 Avenida Da Marina, Vilamoura, Faro, 8125-401",Portugal,1,1,0,1,0,1,0,0,0,0,1,,,,,,1
35,Medusa,Mutuelle LMP,"Mutuelle LMP is a French company operating in the field of insurance. The company employs 51-100 people, and the revenue is from 10 to 25 million dollars. The company was founded more than 167 years ago, and provides insurance protection of more than 45,000 people.",2023-07-03,9556,https://www.mutuellelmp.fr,Insurance,"Versailles, ÃŽle-de-France",France,1,1,1,1,0,1,1,0,0,0,1,,,,,1,1
36,Medusa,Universitas Matthiae Belii association,"Matej Bel University (commonly referred as Matej Bel or UMB), (Slovak: Univerzita Mateja Bela) is a public research university in the central Slovak town of BanskÃ¡ Bystrica. The university was established in 1992. At the moment, more than 6,000 students are studying at the university.",2023-06-25,10935,www.umb.sk,Higher Education,"12 Narodná, Majer, Banskobystricky, 974 01",Slovakia,1,1,0,1,0,0,1,0,0,0,1,,,1,,,1
37,Medusa,Real Estate Systems Integrator,"RESI was established in 1994 with the purpose of providing REALTORSÂ® with the technology necessary to enhance productivity and broaden their reach. The main office of the company is located at: 560 Lincoln Rd Ste 203, Miami Beach, Florida, 33139, United States",2023-06-25,9888,http://www.resionline.com,"Technology, Information and Internet","560 Lincoln Rd Ste 203, Miami Beach, Florida, 33139",United States,1,0,0,0,0,0,0,0,0,0,1,,,,1,,
38,Medusa,Kramer Enterprises,"Kramer Enterprises was founded in 1999, provides services in Southern Wisconsin for the construction of flat surfaces and specializes in stamped and colored decorative concrete. The company's clients include Fort Atkinson, Jefferson, Whitewater, Watertown, Janesville, Cambridge and surrounding areas.",2023-06-23,11738,https://www.kramerenterprises.com/,Building Construction,"Fort Atkinson, WI 53190",United States,1,1,0,1,0,1,0,0,0,0,1,,,1,,,1
39,Medusa,Comision Nacional de Valores,"Regulatory agency in charge of authorizing IPOs and securing compliance by market participants with federal securities laws in the Argentine Republic. It supervises brokerage firms, issuers, stock exchanges, mutual funds and credit rating agencies. It is a member of IOSCO. More than 1.5TB of documents & database dumps has been uploaded.",2023-06-11,13821,http://www.cnv.gov.ar,Capital Markets,25 de Mayo 175 - CABA,Argentina,1,1,0,1,0,1,1,0,0,0,1,,,1,,,1
40,Medusa,GAE Construction,"Website: https://gae-construction.co.uk/ GAE Construction, offers construction services at all levels to both large and small clients in London and the North-East of England.",2023-06-11,11902,https://gae-construction.co.uk/,Building Construction,JUBILEE INDUSTRIAL ESTATE ASHINGTON NE63 8UB,United Kingdom,1,1,0,1,1,1,1,0,0,0,1,,,1,,,1
41,Medusa,Tour Partner Group,"Tour Partner Group is a holding company dealing with hotels and many others, Irish welcome tours and authentic holidays. The company was founded in 1992, the central office is located at 66-68 College Rd Fl 5, London, Essex, CO1 1BE, United Kingdom",2023-06-07,11831,http://www.tourpartnergroup.com,Travel Arrangements,"66-68 College Rd Fl 5, London, Essex, CO1 1BE",United Kingdom,1,1,0,1,0,1,1,0,0,0,1,,,,,,1
42,Medusa,Concremat constructions,"Founded in 1972 and headquartered in Rio de Janeiro, Concremat Companies provides construction and engineering services. The company offers services such as urban and regional development studies, environmental management systems, and a sustainable development plan for territories",2023-06-05,11762,http://www.concremat.com.br/,Civil Engineering,"Rio de Janeiro, RJ",Brazil,1,1,0,1,0,1,1,0,0,0,1,,,1,,,1
43,Medusa,Farmacias Los Hidalgos,"Farmacias Los Hidalgos is a health, wellness and fitness company founded in 1975, based in the Dominican Republic at Avenue 27 de Febrero No. 241 in Ensanche Popcorn.",2023-06-05,11308,http://farmaciasloshidalgos.com.do,Wellness and Fitness Services,Avenue 27 de Febrero No. 241,Dominican Republic,1,1,0,1,0,1,0,0,0,0,1,,,1,,,
44,Medusa,BilgeAdam Software,"BilgeAdam operates as one of the subsidiaries of BilgeAdam IT Group, founded in 1997. The headquarters of the company, which includes the sts Research Center, subordinate to the Ministry of Industry and Technology, is located at 4 b3 SarÄ±yer, Istanbul, 34396, Turkey. The main areas of activity are IOT management, automation, communications, network and security. Leak includes their internal source codes and recent live screenshots of their works.",2023-05-29,13198,https://bilgeadamtechnologies.com/,IT Services and IT Consulting,"Level 39, One Canada Square, Canary Wharf, London, E14 5AB",United Kingdom,1,1,0,1,0,1,0,0,0,0,1,1,,1,,,1
45,Medusa,Fiduagraria,"Fiduagraria is a joint-stock company of a mixed economy, subject to the State regime of an industrial and commercial enterprise, in accordance with the national order, associated with the Ministry of Agriculture and Rural Development, under the control and supervision of the Financial Administration of Colombia and legally registered on the basis of Public Act No. 1199 of February 18, 1992 with the main address in the city of Bogota.",2023-05-27,12851,http://www.fiduagraria.gov.co,Financial Services,Bogota,Colombia,1,1,0,1,1,1,0,0,0,0,1,,,,,,1
46,Medusa,Trabzonspor Football Club,"Trabzonspor KulÃ¼bÃ¼ ( German Sportklub Trabzon ) is a sports club from the Turkish port city of Trabzon. The club, founded on August 2, 1967, is best known for its football department, which was Turkish champion six times between 1976 and 1984. Trabzonspor is one of Turkey's big four and is regularly ranked as a championship contender.",2023-05-24,12890,https://www.trabzonspor.org.tr/en,Sports Teams and Clubs,Trabzon,Turkey,1,1,0,1,0,1,1,0,0,0,1,,,,,,1
47,Medusa,Leland Campbell LLP law firm,"Leland Campbell LLP is the largest law firm in Yorkton and the district, employing 8 lawyers and staff. The firm's services include real estate, wills and estate, criminal law, family law, civil litigation and commercial/commercial law, to name just a few.",2023-05-23,12601,https://www.kpllp.ca,Legal Services,"Yorkton, Saskatchewan",Canada,1,1,0,1,0,1,1,0,0,1,0,,,,,,1
48,Medusa,Amaszonas S.A.,"Lnea AÃ©rea Amaszonas S.A. (""Amaszonas"") is a Bolivian regional airline based at the Viru Viru International Airport in Santa Cruz. The operator was founded in 1999 and provides scheduled regional services. Amaszonas is owned by the group of Latin American airlines",2023-05-23,12182,http://www.amaszonas.com,Airlines and Aviation,"La Paz, NA",United States,1,1,0,1,0,1,0,0,1,0,1,,,,,,1
49,Medusa,SIGMA,"SIGMA is a company located at 4915 Ambroise Lafortune Ste 100, Boisbriand, Quebec, J7H 0A4, Canada, providing IT services specializing in the development and implementation of an integrated management system (IMS) for manufacturing (MRP/ERP) and distribution companies.",2023-05-22,11767,http://www.sigma-corp.net,Pharmaceutical Manufacturing,"Quebec, Canada",Canada,0,1,0,0,0,1,1,0,1,0,1,,,,,,
50,Medusa,Al Tamimi Law Firm,"Founded by Essam Al Tamimi in 1989, Al Tamimi & Company has become the largest law firm in the Middle East with offices in Bahrain, Egypt, Iraq, Jordan, Kuwait, Oman, Qatar, Saudi Arabia and the United Arab Emirates. The firm employs more than 360 lawyers and has over 720 staff in total.",2023-05-19,13139,https://www.tamimi.com/,Law Practice,Dubai,United Arab Emirates,1,1,1,1,0,1,1,0,0,0,1,,,,,,1
51,Medusa,Wallick Communities,"Wallick Communities provides property management, development, construction, and asset management for affordable housing and senior living communities. The company was founded in 1966 and is headquartered in New Albany, Ohio",2023-05-19,13742,http://www.wallick.com,Real Estate,"New Albany , OH",United States,1,1,0,1,1,0,1,0,0,0,1,,,,,,1
52,Medusa,BAMSI,"BAMSI is a private, non-profit social services organization that provides behavioral health and public health services to adults and children with developmental disabilities and mental illnesses. BAMSI was founded in 1975 and is headquartered in Brockton, Massachusetts, with 50,000 patients served annually.",2023-05-19,12616,https://ww.bamsi.org,Individual and Family Services,"Brockton, Ma",United States,1,1,1,1,1,0,1,0,1,0,1,,,,,1,
53,Medusa,HostAfrica,"HostAfrica was founded in 2015 in Cape Town with the mission to provide high-performance servers and hosting services in South Africa at a reasonable price. HostAfrica is based in Cape Town, South Africa.",2023-05-13,12706,https://www.hostafrica.com,IT Services and IT Consulting,"Somerset West, Cape Town",South Africa,0,1,0,0,1,1,0,0,0,0,1,,,,,1,
54,Medusa,Cooperativa de Ahorro y CrÃ©dito Ahorrocoop Ltda,"Cooperativa de Ahorro y CrÃ©dito Ahorrocoop Ltda is a financial services company. The company employs 51-100 people, and revenue ranges from $ 10 to $25 million. The company's headquarters are located at 1421 5 Oriente, Talca, Maule, Chile",2023-05-10,13198,http://www.ahorrocoop.cl,Financial Services,"Talca, Talca",Chile,1,0,0,1,0,1,1,0,0,0,1,,,,,1,
55,Medusa,Sonda (Duplicate with update),"Sonda, This is a Chilean multinational IT company headquartered in Santiago we hacked last month. But it's network is still vulnerable and we hacked into company again in 2023-05-04. There is proof image below. More than 4TB of data is published on telegram channel today. Everyone can access & download it's data. We recommend companies not to use Sonda IT support.",2023-05-05,13801,https://www.sonda.com/,IT Services and IT Consulting,"Santiago,Chile",Chile,1,0,0,1,1,1,1,0,0,0,1,,,,1,1,
56,Medusa,The Crown Princess Mary Cancer Centre,"Westmead's service has been operating since 1994 at 75 Railway St, Mount Druitt, New South Wales, 2770, Australia and sees more than 500 families a year. The service is part of the Sydney West Cancer Network and has outreach services to Nepean Blue Mountains and Wagga/Bathurst/Orange (by Telehealth).",2023-05-04,16133,http://sydneywestcancer.org,Hospitals and Health Care,Westmead,Australia,0,1,0,1,0,1,1,0,0,0,1,,,,,,1
57,Medusa,Polat Yol Yap,"Polat Yol Yap is a company that operates in the construction industry, founded in 1975. The company employs from 2,001 to 5,000 people, and revenue ranges from $ 500 million to $1 billion. The company's headquarters is located in Cafe, Istanbul, Turkey.",2023-05-02,13747,http://www.polatyol.com/,Construction,"Ä°stanbul, KadÄ±kÃ¶y",Turkey,1,0,0,1,0,1,1,0,0,0,1,,,,,,1
58,Medusa,Alto Calore Servizi S.p.A.,"Alto Calore Servizi S.p.A., abbreviated ACS, was established on March 13, 2003. Alto Valore Servizi is a joint stock company consisting of 126 shareholders: 125 municipalities in the province of Avellino and Benevento and the administration of the province of Avellino. Alto Calore Servizi works in the field of collection and distribution of drinking water, sewerage and wastewater treatment.",2023-05-02,13423,https://www.altocalore.it/,Consumer Services,"AVELLINO, Avellino",Italia,0,0,0,0,1,1,1,0,0,0,1,,,1,,1,
59,Medusa,Bevan Group,"Founded in 1976, the Bevan Group company is a leading British supplier of commercial vehicle bodies, producing more than 60 commercial vehicle bodies every week. Bevan Group consists of five main companies: Busan Car Bodies, A&R Vehicle Services, After care Response, Graphics Depot and Supertruses.",2023-04-26,14471,http://bevangroup.com/,Truck Transportation,"Wednesbury, West Midlands",United Kingdom,0,1,0,1,1,1,0,0,0,0,1,,,,,,
60,Medusa,Magnolia Care Center,"Magnolia Care Center ~ A Veteran's Home~ is a Residential Veterans Personal Care Facility and Adult Day Care Center. Located at 16950 Florida Blvd, Baton Rouge, Louisiana, 70819, United States",2023-04-25,14312,http://magnolia-care.com/,Hospitals and Health Care,"San Jose, California",United States,1,1,0,1,0,1,1,0,0,0,1,,,,,,1
61,Medusa,Bentham & Holroyd Ltd,"Bentham & Holroyd Ltd is an engineering firm founded in 1830, subcontracted, based in Bradford, West Yorkshire, specializing in the production of precision components for the oil and gas industry, as well as offering a variety of services in CNC turning and manual turning, CNC milling, waterjet cutting and welding.",2023-04-24,14156,http://www.benthams.com,Industrial Machinery Manufacturing,"Bradford, West Workshire",United Kingdom,0,1,0,1,1,1,1,0,1,0,0,,,,,1,
62,Medusa,WestcoastSmile Dental Studio,"WestcoastSmile Kitsilano Dental Studio was established more than 20 years ago at 1-1874 W 1st Ave, Vancouver, British Columbia, V6J 1G5, Canada. The head is Dr. Jeffrey Jordan, who has been specializing in the dental field of medical activity for more than 30 years",2023-04-23,13843,https://www.westcoastsmile.com/,Hospitals and Health Care,"Vancouver, Canada",Canada,0,0,0,1,1,1,1,0,0,0,0,,,,,1,
63,Medusa,Uniondale School District,"Uniondale School District is a district located in Uniondale, NY. They are comprised of 9 different schools around the area: California Avenue School, Grand Avenue School, Northern Parkway School, Smith Street School, Walnut Street School, Lawrence Road Middle School, Turtle Hook Middle School, Uniondale High School and Cornelius Court School. As of the 2023 school year , 6523 students are enrolled in Uniondale School District.",2023-04-17,15004,http://www.uniondaleschools.org,Education Administration Programs,"Uniondale, New York",United States,1,0,0,1,0,1,0,0,1,0,0,,,,,,
64,Medusa,Arandell Corp,"Founded in 1922, Arandell provides premedia, catalog printing, mailing, distribution, list management, database marketing, mobile solutions, logistics and consulting services to its partners in the retail and direct mail catalog markets.",2023-04-15,14669,https://www.arandell.com/,Printing Services,"Menomonee Falls, WI",United States,0,1,0,1,0,1,0,0,0,0,1,,,,,1,
65,Medusa,"Allimand, France","Founded in 1850 in France, Allimand is a world leader in the development and production of machines for the production of paper, cardboard and fiber mats with high added value.On average, 85% of sales are exported, employees and representatives of Allimand accompany their customers in 40 countries around the world.",2023-04-15,14130,http://www.allimand.com,Machinery Manufacturing,"Rives, Auvergne-RhÃ´ne-Alpes",France,0,1,0,0,1,0,1,0,0,0,1,,,,,1,1
66,Medusa,"Scantibodies Laboratory, Inc.","Scantibodies Laboratory, Inc. (SLI) founded in 1976 and headquartered in Santee, California, develops and manufactures medical diagnostic products. The company offers products such as antigens, antibodies, blockers, calibrators, plasma and diagnostic kits. SLI sells its products worldwide.",2023-04-10,14832,http://www.scantibodies.com,Biotechnology,"Santee, California",United States,0,1,0,1,1,1,1,0,0,0,1,,,,,1,
67,Medusa,Atlantic International University,"Atlantic International University, V. (""AIA"") is a private commercial distance learning university based in Honolulu, Hawaii, was founded in December 1998 as Atlantic University. Despite the fact that the AIA is located in Hawaii, it is not accredited by a recognized accreditation agency of the United States, and therefore was prosecuted for providing false information to its clients about the accreditation of an educational institution.",2023-04-07,14992,https://www.aiu.edu,Higher Education,"Honolulu, Hawaii",United States,1,1,0,1,1,1,1,0,1,0,1,,,,,,1
68,Medusa,Open University of Cyprus,"The Open University of Cyprus (OUC) was established in 2002 and, as a public university, specializes in distance education, helping to bring Cyprus closer to achieving its strategic goal: to become a regional educational and research center and a center for international scientists and students in the Eastern Mediterranean basin. At the moment , more than 4,000 students are studying at the university , and the university is also engaged in scientific research activities",2023-04-06,15951,http://www.ouc.ac.cy,Higher Education,Nicosia,Cyprus,0,1,0,1,0,1,1,0,1,0,1,,,,,,
69,Medusa,Sonda,"SONDA, a Chilean multinational IT company headquartered in Santiago, is the leader of digital transformation in the region with more than 13,000 employees, presence in 11 countries and implementation of solutions in more than 3,000 cities.It is the biggest in the sector of Information technology in Latin America.",2023-04-03,18971,http://www.sonda.com,Information Technology & Services,Santiago,Costa Rica,1,0,0,1,1,1,1,0,0,0,1,,,,1,1,
70,Medusa,Gujarat Mineral,"Gujarat Mineral Development Corporation Limited (GMDC) is a large Indian state-owned mining and brown coal company based in Ahmedabad.GMDC was founded in 1963, its product range includes basic energy minerals such as brown coal, base metals and industrial minerals such as bauxite and fluorspar, as well as participates in the business related to oil refining.",2023-03-24,16806,https://www.gmdcltd.com/,Mining,"AHMEDABAD, Gujarat",India,1,0,0,1,1,1,1,0,0,0,1,,,,,,
71,Medusa,Atlas Security,"Atlas Security is the leading armed response company in Nelson Mandela Bay and Alexandria . The company has more than 150 qualified armed response officers, the largest fleet of armed response vehicles. Atlas Security's client base includes more than 30,000 controlled secure premises in the Eastern Cape Province, including large corporate clients.",2023-03-21,16906,http://www.atlasgroup.ae/our-companies/atlas-security/#,IT Services and IT Consulting,"Abu Dhabi, Abu Dhabi",United Arab Emirates,0,0,0,1,1,1,0,0,0,0,1,,,1,,1,
72,Medusa,National Institute of Ocean Technology,"The National Institute of Ocean Technology (NIOT) was established in November 1993 as an autonomous society under the Ministry of Earth Sciences in India. NIOT is managed by a Governing Council and is headed by a director. The institute is based in Chennai. The major aim of starting NIOT was to develop reliable indigenous technologies to solve various engineering problems associated with harvesting of non-living and living resources in India's exclusive economic zone, which is about two-thirds of the land area of India.",2023-03-16,16648,https://www.niot.res.in/,Engineering Services,"Tamil Nadu, Chennai",India,0,0,0,0,1,0,0,1,0,0,0,,,,,,
73,Medusa,Bishop Luffa School,"Bishop Luffa School, named after a former Bishop of Chichester, Ralph de Luffa, is a co-educational Church of England secondary school located in Chichester, West Sussex, England. On December 1, 2013, the school successfully received the status of an academy. At the moment, 1517 students aged 11 to 18 are studying.",2023-03-13,17149,https://www.bishopluffa.org.uk/,Primary and Secondary Education,"West Sussex, England",United Kingdom,1,1,0,0,0,1,0,0,0,0,0,,,1,,,1
74,Medusa,National Business Furniture,"National Business Furniture (NBF), founded in 1975, is an office furniture manufacturer headquartered in Milwaukee, Wisconsin. The company has additional offices in New York, Chicago, Los Angeles, Atlanta, Dallas, Phoenix and Seattle. In 2006, NBF was acquired by TAKKT AG, a leading direct marketing specialist for B2B business equipment in Europe and North America.",2023-03-09,17721,http://www.NBF.com,Furniture and Home Furnishings Manufacturing,"Milwaukee, WI",United States,0,1,0,0,0,1,1,0,0,0,1,,,,,,
75,Medusa,Garbarino SAICeI,"Garbarino, headquartered in Argentina, founded in 1951, is a retail company offering a wide range of products, including technology, appliances, furniture, sportswear, tools. Garbarino offers the most prestigious brands with over 5000 items.",2023-03-09,17110,https://www.garbarino.com/,Retail,Buenos Aires,Argentina,0,1,0,1,0,1,0,0,0,0,1,,,,,,
76,Medusa,Minneapolis Public Schools,"Minneapolis Public Schools (MPS) or Special School District Number 1 is a public school district serving students in pre-kindergarten through twelfth grade from Minneapolis, Minnesota. Minneapolis Public Schools enrolls 36,370 students in public primary and secondary schools. The district administers about one hundred public schools including forty-five elementary schools, seven middle schools, seven high schools, eight special education schools, eight alternative schools, nineteen contract alternative schools, and five charter schools. With authority granted by the state legislature, the school board makes policy, selects the superintendent, and oversees the district's budget, curriculum, personnel, and facilities. Students speak ninety different languages at home and most school communications are printed in English, Hmong, Spanish, and Somali.",2023-03-07,18434,http://www.mpls.k12.mn.us,Education Administration Programs,"Minneapolis, Minnesota",United States,1,1,0,1,1,1,1,0,1,0,1,,,,,,
77,Medusa,The Institute of Space Technology,"The Institute of Space Technology (also known as IST) is a public university located in Islamabad, Pakistan. IST space program aims at designing, building, launching and succesfully operating the Pico-Satellite standard CubeSat. The program is led by Communication Systems Engineering (CSE). Established in 2002 under the auspices of the Pakistan National Space Agency. IST offers a wide array of undergraduate and graduate degrees in partnership of Beihang University and University of Surrey.",2023-03-06,17108,http://www.ist.edu.pk,Higher Education,Islamabad,Pakistan,1,0,0,0,1,0,1,0,0,0,0,,,,,,
78,Medusa,Kenya Airports Authority,"Kenya Airports Authority (KAA) is the owner and operator of nine civilian airports and airstrips in Kenya. Kenya Airports Authority was established by an act of Parliament in 1992, by the ruling Kenya African National Union government. The KAA Act, Cap 395, provides for the powers and functions of the Authority. Its head office is on the property of Jomo Kenyatta International Airport in Embakasi, Nairobi.",2023-03-01,18449,http://www.kaa.go.ke,Aviation and Aerospace Component Manufacturing,"Nairobi, Nairobi",Kenya,1,0,0,0,1,0,1,1,0,0,0,,,,,,
79,Medusa,Bank of Africa,"* We have shared file tree. Direct download link here* Headquartered in the city of Dakar, Senegal, the story of Bank of Africa Group began in Mali in 1982, with the first Bank of Africa, which was created with almost no external help. Since 2010, the Bank of Africa Group has been majority-owned by BMCE Bank.",2023-02-25,28110,https://www.bankofafrica.ma/,Banking,"Casablanca, Casablanca - Settat",Morocco,1,1,0,0,0,1,1,0,0,0,1,,,,,,
80,Medusa,"Moose, Martin, Haynes & Lundy","For years, Moose, Martin, Haynes & Lundy, P.A. has been providing quality, personalized financial guidance to local individuals and businesses. Our expertise ranges from basic tax management and accounting services to more in-depth services such as audits, financia",2023-02-22,15680,http://www.mmhlcpa.com/,Financial Services,North Carolina,United States,1,1,0,1,0,0,0,0,0,0,1,,,,,,
81,Medusa,RAYAB Consulting Engineers,"RAYAB Consulting Engineers Company was founded in 1984. Taking advantage of hundreds of experienced expertsâ€™ cooperation , know â€“ how and scientific experiences, the company has studied , designed and supervised, water and water transmission infrastructural projects, consulting and studying services for potable, agricultural and industrial water consumption, urban and industrial water distribution and wastewater collecting and disposal networks, water and wastewater treatment plants, environmental and health services and water resources conservation as large and small projects throughout Iran In addition to offices in Tehran, it has offices in Isfahan , Ghazvin, Takestan, Gorgan, Karaj, Ghom, Kashan, Delijan, Malayer , Ilaam , Ahwaz, Dezful, Babolsar, Bojnourd, Mashhad, Esfarayen, Kashmar, Birjand, Bandarabbas, Sirjan and Sare â€“ Pole â€“ Zahab",2023-02-22,14832,http://www.Rayabco.com,Civil Engineering,Tehran,Iran,0,1,0,0,1,0,1,0,0,0,0,,,,,1,
82,Medusa,International Center of Photography,"New York, 374 Employees. The International Center of Photography is the world's leading institution dedicated to photography and visual culture. Cornell Capa founded ICP in 1974 to champion ""concerned photography""-socially and politically minded images that can educate and change the world",2023-02-19,15062,http://www.icp.org,Photography,"New York, New York",United States,1,1,0,1,1,0,1,0,0,0,0,,,,,,
83,Medusa,AP Emissions Technologies,"Automotive Parts Â· North Carolina, United States APÂ® Emissions Technologies is one of the leading manufacturers and suppliers of automotive, light truck, and heavy-duty exhaust and emissions products under the APÂ®, DuraFitÂ®, Eastern CatalyticÂ®, CATCO Â®, ANSAÂ®, Cherry BombÂ®, DieselTechâ„¢, DuraFitâ„¢, MaremontÂ®, XLERA and much more.",2023-02-17,15422,http://www.apemissions.com,Motor Vehicle Manufacturing,"Goldsboro, NC",United States,0,1,0,0,1,1,0,0,0,0,1,,,,,1,
84,Medusa,Foamtec International,"The best of East and West - that is the strength of Foamtec International. Combining Western cutting edge technology with Eastern traditions of dedicated customer service, Foamex Asia was established in 1997 as a joint venture between Foamex International Inc.",2023-02-16,14121,https://www.foamtecintlwcc.com/,Environmental Services,"Waco, Texas",United States,0,1,0,1,1,0,0,0,0,0,1,,,,,1,
85,Medusa,PetroChina Indonesia,"PetroChina Indonesia is a company that operates in the Oil & Energy industry. It employs 251-500 people and has $25M-$50M of revenue. The company is headquartered in Jakarta, Jakarta, Indonesia",2023-02-15,14527,http://www.petrochinaintl.co.uk,Oil and Gas,Jakarta,Indonesia,1,1,0,0,1,1,1,0,0,0,0,,,,,,
86,Medusa,Tonga Communications,"Tonga Communications Corporation is a government-owned telecommunications provider offering mobile, fixed line, and internet services. It is based in Nuku'alofa. Tonga Communications Corporation Is Tonga's NO.1 cellular, fixedline & internet provider.",2023-02-11,13751,http://www.tcc.to,Telecommunications,Nukualofa,Tonga,1,0,0,0,1,0,1,0,0,0,0,,,,,,1
87,Medusa,Diethelm Keller Aviation Pte Ltd,"Diethelm Keller Aviation Pte Ltd (DKA), a global leader in galley inserts for the airline industry, is a wholly owned subsidiary of Diethelm Keller Brands Ltd. We are headquartered in Singapore.",2023-02-09,12917,http://www.diethelmkelleraviation.com/,Airlines and Aviation,Singapore,Singapore,0,0,0,1,1,0,0,0,1,0,1,,,,,,
88,Medusa,Eureka Casino Resort,"Eureka Casinos was founded by the Lee family in Las Vegas, NV. It operates a wide-ranging number of businesses, including Eureka Casino Resort in Mesquite, NV. The Lee Family sold it to the employees in 2015 making it Nevada's first 100% employee owned casino",2023-02-04,13994,http://www.eurekamesquite.com,Gambling Facilities and Casinos,"Mesquite, NV",United States,1,1,0,0,0,0,1,0,0,0,1,,,,,,
89,Medusa,EnCom,"Founded in 2001, EnCom Inc is a specialty producer of custom compounded high-performance polymers serving the automotive, transportation, electronic, consumer goods, lawn and garden equipment, medical, material handling, and industrial industries.",2023-02-03,11895,https://tron.fandom.com/wiki/ENCOM,IT Services and IT Consulting,Center City - California,United States,0,1,0,0,0,0,1,0,0,0,1,,,,,,
90,Medusa,PFA Systems,"PFA SYSTEMS, Inc. was started over thirty years ago with a single vision in mind, to provide reliable and safety conscientious service to our Suppliers and Drivers.This vision continues to carry on from day one when we were a single operator company, to our current fleet. We currently serve 14 states regionally and continuously work to establish trust between our clients and drivers.We specialize in Hazardous Bulk Liquid transport, but we are not limited to a single product. We integrate cutting edge safety practice and equipment to deliver the peace of mind our customers have come to rely upon and expect.",2023-02-03,11525,http://www.pfasystemsinc.com/,Truck Transportation,"Newberry, Florida",United States,1,1,0,1,1,1,1,0,0,1,1,,,,,,
91,Medusa,Elim Clinic,"Elim Clinic is a professional treatment centre that offers inpatient treatment to men and women, 18 years and older who suffer from substance use disorders and behaviour addiction. Elim has been in existence for more than six decades and has a wealth of experience",2023-02-03,11247,http://www.elimclin.co.za,Non-profit Organization Management,"Johannesburg, Gauteng",South Africa,1,1,0,1,0,1,1,0,0,0,0,,,,,,
92,Medusa,Elektro Richter,"Elektro Richter is a company that operates in the Electrical/Electronic Manufacturing industry. It employs 21-50 people and has $5M-$10M of revenue. The company is headquartered in Hildburghausen, Thuringia, Germany",2023-02-03,10713,https://elektro-richter.net/,"Appliances, Electrical, and Electronics Manufacturing","Hildburghausen, Thuringia",Germany,0,1,0,0,1,0,1,0,0,0,1,,,,,,
93,Medusa,European Window,"European Window Company is an Australian leader in the design and installation of high efficiency thermal break windows, doors and sliding systems.",2023-02-02,10310,http://www.eurowindow.com.au,Wholesale Building Materials,"Melboune, Victoria",Australia,0,1,0,0,1,0,1,0,0,0,1,,,,,,
94,Medusa,EightPixelsSquare,"Founded in December 2012 and based in Derby, United Kingdom, EightPixelsSquare comprises of an elite team of 45 veteran game developers. Over 30 million players worldwide enjoy EightPixelsSquare's catalogue of games across iOS and Android platforms",2023-01-25,11029,https://eightpixelssquare.com/,Software Development,Derby,United Kingdom,1,1,0,1,1,0,0,0,0,0,0,,,,,,1
95,Medusa,Aglobis,"Resistance shall not prevent us from fulfilling below mission: We connect industries for their sustainable operation and growth! Above services to be provided on a long term basis, i.e. indefinitely which is represented by the similar symbol in our logo Aglobis",2023-01-20,10392,https://www.aglobis.com/,"Transportation, Logistics, Supply Chain and Storage",Zug,Switzeland,1,1,0,1,1,0,1,0,0,0,1,,,,,,
96,Medusa,Integerity Tax,"Small business accounting, tax preparation, bookkeeping, payroll, individual taxes",2023-01-11,9947,http://www.integritytaxlb.com,Accounting,"Long Beach, California",United States,1,1,0,1,1,1,0,0,0,0,0,,,,,,
97,Medusa,Grace Church International,We Believe the Bible is God's supreme authority of the church and that prayer builds a relationship with God. We believe that faith empowers one to believe the impossible. That family is the foundation of the church and each person has a uniquely designed purpose,2023-01-11,9916,gracechurch.com,Religious Institutions,"Wichita Falls, Texas",United States,0,1,0,0,0,0,0,0,0,0,0,,,,,,
